I want to go hike,Hiking Project App
Where to Hike,Hiking Project App
"There are a lot of beautiful place to hike, but the best one is near my house",Hiking Project App
I want to go Climbing,Mountain Project App
People are talking about climbing the mountain,Mountain Project App
Can you locate a rock that is best to climb,Mountain Project App
I want to go Biking,MTB Project App
Where to Bike,MTB Project App
I need bike parts,MTB Project App
I want to wear something for biking,MTB Project App
I want bike maps,MTB Project App
I need a mountain to ride,MTB Project App
There is a trail near here where the biking is really tough,MTB Project App
I want to travel to national parks,National Parks App
I want maps of national parks,National Parks App
There many beautiful trees in that park. I need to reserve camping spot,National Parks App
I want to go snowboarding,Powder Project App
Where are the greatest ski area,Powder Project App
Where to go sking,Powder Project App
I want to see some powder in the montains,Powder Project App
I need a mountain to ski,Powder Project App
I need a diamond route this winter season,Powder Project App
New bike,Shopping
Bike Parts,Shopping
Repair Bike,Shopping
What to bring for camping,Shopping
what to wear for camping,Shopping
I need to get some cloths,Shopping
I need a sweater,Shopping
I want to talk to someone,Shopping
I can't find anything I want,Shopping
I need help,Shopping
I want some one to help me,Shopping
This is not working. I need help,Shopping
I want to wear something for hiking,Shopping
I need only man cloths,Shopping
I want to buy ski cloths,Shopping
I want cold weather cloths,Shopping
I am feeling cold. What should I wear,Shopping
I need only woman cloths,Shopping
Where to buy women cloths,Shopping
warm cloths,Shopping
winter cloths,Shopping
rainy season cloths,Shopping
what is your contact number,Shopping
I want to run the trails,Trail Run Project App
where are the best places to run,Trail Run Project App